WELL,DEV_SPLIT,OFFICIAL_SPLIT
15_9-15,DEV_TRAIN,TRAIN
15_9-17,DEV_TRAIN,TRAIN
16_1-2,DEV_TRAIN,TRAIN
16_10-1,DEV_TRAIN,TRAIN
16_10-2,DEV_TRAIN,TRAIN
16_10-3,DEV_TRAIN,TRAIN
16_10-5,DEV_TRAIN,TRAIN
16_11-1 ST3,DEV_TRAIN,TRAIN
16_2-16,DEV_TRAIN,TRAIN
16_4-1,DEV_TRAIN,TRAIN
16_5-3,DEV_TRAIN,TRAIN
16_7-4,DEV_TRAIN,TRAIN
16_7-5,DEV_TRAIN,TRAIN
16_8-1,DEV_TRAIN,TRAIN
25_11-15,DEV_TRAIN,TRAIN
25_11-19 S,DEV_TRAIN,TRAIN
25_11-5,DEV_TRAIN,TRAIN
25_2-14,DEV_TRAIN,TRAIN
25_2-7,DEV_TRAIN,TRAIN
25_3-1,DEV_TRAIN,TRAIN
25_5-1,DEV_TRAIN,TRAIN
25_5-4,DEV_TRAIN,TRAIN
25_6-1,DEV_TRAIN,TRAIN
25_6-2,DEV_TRAIN,TRAIN
25_7-2,DEV_TRAIN,TRAIN
25_8-5 S,DEV_TRAIN,TRAIN
25_8-7,DEV_TRAIN,TRAIN
25_9-1,DEV_TRAIN,TRAIN
26_4-1,DEV_TRAIN,TRAIN
29_6-1,DEV_TRAIN,TRAIN
30_3-3,DEV_TRAIN,TRAIN
30_3-5 S,DEV_TRAIN,TRAIN
31_2-1,DEV_TRAIN,TRAIN
31_2-7,DEV_TRAIN,TRAIN
31_2-9,DEV_TRAIN,TRAIN
31_3-1,DEV_TRAIN,TRAIN
31_3-3,DEV_TRAIN,TRAIN
31_3-4,DEV_TRAIN,TRAIN
31_4-10,DEV_TRAIN,TRAIN
31_4-5,DEV_TRAIN,TRAIN
31_5-4 S,DEV_TRAIN,TRAIN
31_6-5,DEV_TRAIN,TRAIN
31_6-8,DEV_TRAIN,TRAIN
32_2-1,DEV_TRAIN,TRAIN
33_5-2,DEV_TRAIN,TRAIN
33_6-3 S,DEV_TRAIN,TRAIN
33_9-1,DEV_TRAIN,TRAIN
33_9-17,DEV_TRAIN,TRAIN
34_10-19,DEV_TRAIN,TRAIN
34_10-21,DEV_TRAIN,TRAIN
34_10-35,DEV_TRAIN,TRAIN
34_11-2 S,DEV_TRAIN,TRAIN
34_12-1,DEV_TRAIN,TRAIN
34_2-4,DEV_TRAIN,TRAIN
34_3-1 A,DEV_TRAIN,TRAIN
34_4-10 R,DEV_TRAIN,TRAIN
34_5-1 A,DEV_TRAIN,TRAIN
34_5-1 S,DEV_TRAIN,TRAIN
34_7-13,DEV_TRAIN,TRAIN
34_7-21,DEV_TRAIN,TRAIN
34_8-3,DEV_TRAIN,TRAIN
34_8-7 R,DEV_TRAIN,TRAIN
35_11-1,DEV_TRAIN,TRAIN
35_11-10,DEV_TRAIN,TRAIN
35_11-11,DEV_TRAIN,TRAIN
35_11-13,DEV_TRAIN,TRAIN
35_11-6,DEV_TRAIN,TRAIN
35_11-7,DEV_TRAIN,TRAIN
35_12-1,DEV_TRAIN,TRAIN
35_3-7 S,DEV_TRAIN,TRAIN
35_4-1,DEV_TRAIN,TRAIN
35_8-4,DEV_TRAIN,TRAIN
35_9-10 S,DEV_TRAIN,TRAIN
35_9-2,DEV_TRAIN,TRAIN
35_9-5,DEV_TRAIN,TRAIN
36_7-3,DEV_TRAIN,TRAIN
7_1-1,DEV_TRAIN,TRAIN
7_1-2 S,DEV_TRAIN,TRAIN
15_9-13,DEV_VALIDATION,TRAIN
16_1-6 A,DEV_VALIDATION,TRAIN
16_2-11 A,DEV_VALIDATION,TRAIN
16_2-6,DEV_VALIDATION,TRAIN
17_11-1,DEV_VALIDATION,TRAIN
25_2-13 T4,DEV_VALIDATION,TRAIN
25_4-5,DEV_VALIDATION,TRAIN
25_6-3,DEV_VALIDATION,TRAIN
30_6-5,DEV_VALIDATION,TRAIN
31_2-19 S,DEV_VALIDATION,TRAIN
31_2-8,DEV_VALIDATION,TRAIN
31_3-2,DEV_VALIDATION,TRAIN
34_10-33,DEV_VALIDATION,TRAIN
34_11-1,DEV_VALIDATION,TRAIN
34_7-20,DEV_VALIDATION,TRAIN
34_8-1,DEV_VALIDATION,TRAIN
35_11-12,DEV_VALIDATION,TRAIN
35_11-15 S,DEV_VALIDATION,TRAIN
35_8-6 S,DEV_VALIDATION,TRAIN
35_9-6 S,DEV_VALIDATION,TRAIN
