WELL,SPLIT
15_9-13,TRAIN
15_9-14,PUBLIC
15_9-15,TRAIN
15_9-17,TRAIN
15_9-23,BLIND_TEST
16_1-2,TRAIN
16_1-6 A,TRAIN
16_10-1,TRAIN
16_10-2,TRAIN
16_10-3,TRAIN
16_10-5,TRAIN
16_11-1 ST3,TRAIN
16_2-11 A,TRAIN
16_2-16,TRAIN
16_2-6,TRAIN
16_2-7,BLIND_TEST
16_4-1,TRAIN
16_5-3,TRAIN
16_7-4,TRAIN
16_7-5,TRAIN
16_7-6,BLIND_TEST
16_8-1,TRAIN
17_11-1,TRAIN
17_4-1,BLIND_TEST
25_10-10,PUBLIC
25_10-9,BLIND_TEST
25_11-15,TRAIN
25_11-19 S,TRAIN
25_11-24,PUBLIC
25_11-5,TRAIN
25_2-13 T4,TRAIN
25_2-14,TRAIN
25_2-7,TRAIN
25_3-1,TRAIN
25_4-5,TRAIN
25_5-1,TRAIN
25_5-3,PUBLIC
25_5-4,TRAIN
25_6-1,TRAIN
25_6-2,TRAIN
25_6-3,TRAIN
25_7-2,TRAIN
25_8-5 S,TRAIN
25_8-7,TRAIN
25_9-1,TRAIN
26_4-1,TRAIN
29_3-1,PUBLIC
29_6-1,TRAIN
30_3-3,TRAIN
30_3-5 S,TRAIN
30_6-5,TRAIN
31_2-1,TRAIN
31_2-10,BLIND_TEST
31_2-19 S,TRAIN
31_2-21 S,BLIND_TEST
31_2-7,TRAIN
31_2-8,TRAIN
31_2-9,TRAIN
31_3-1,TRAIN
31_3-2,TRAIN
31_3-3,TRAIN
31_3-4,TRAIN
31_4-10,TRAIN
31_4-5,TRAIN
31_5-4 S,TRAIN
31_6-5,TRAIN
31_6-8,TRAIN
32_2-1,TRAIN
33_5-2,TRAIN
33_6-3 S,TRAIN
33_9-1,TRAIN
33_9-17,TRAIN
34_10-16 R,PUBLIC
34_10-19,TRAIN
34_10-21,TRAIN
34_10-33,TRAIN
34_10-35,TRAIN
34_11-1,TRAIN
34_11-2 S,TRAIN
34_12-1,TRAIN
34_2-4,TRAIN
34_3-1 A,TRAIN
34_3-2 S,BLIND_TEST
34_3-3 A,PUBLIC
34_4-10 R,TRAIN
34_5-1 A,TRAIN
34_5-1 S,TRAIN
34_6-1 S,PUBLIC
34_7-13,TRAIN
34_7-20,TRAIN
34_7-21,TRAIN
34_8-1,TRAIN
34_8-3,TRAIN
34_8-7 R,TRAIN
35_11-1,TRAIN
35_11-10,TRAIN
35_11-11,TRAIN
35_11-12,TRAIN
35_11-13,TRAIN
35_11-15 S,TRAIN
35_11-5,BLIND_TEST
35_11-6,TRAIN
35_11-7,TRAIN
35_12-1,TRAIN
35_3-7 S,TRAIN
35_4-1,TRAIN
35_6-2 S,PUBLIC
35_8-4,TRAIN
35_8-6 S,TRAIN
35_9-10 S,TRAIN
35_9-2,TRAIN
35_9-5,TRAIN
35_9-6 S,TRAIN
35_9-7,BLIND_TEST
35_9-8,PUBLIC
36_7-3,TRAIN
7_1-1,TRAIN
7_1-2 S,TRAIN
