WELL,SPLIT,LAS_FILE
15_9-13,TRAIN,data/splits/wells/train/15_9-13.las
15_9-14,PUBLIC,data/splits/wells/public/15_9-14.las
15_9-15,TRAIN,data/splits/wells/train/15_9-15.las
15_9-17,TRAIN,data/splits/wells/train/15_9-17.las
15_9-23,BLIND_TEST,data/splits/wells/blind_test/15_9-23.las
16_1-2,TRAIN,data/splits/wells/train/16_1-2.las
16_1-6 A,TRAIN,data/splits/wells/train/16_1-6 A.las
16_10-1,TRAIN,data/splits/wells/train/16_10-1.las
16_10-2,TRAIN,data/splits/wells/train/16_10-2.las
16_10-3,TRAIN,data/splits/wells/train/16_10-3.las
16_10-5,TRAIN,data/splits/wells/train/16_10-5.las
16_11-1 ST3,TRAIN,data/splits/wells/train/16_11-1 ST3.las
16_2-11 A,TRAIN,data/splits/wells/train/16_2-11 A.las
16_2-16,TRAIN,data/splits/wells/train/16_2-16.las
16_2-6,TRAIN,data/splits/wells/train/16_2-6.las
16_2-7,BLIND_TEST,data/splits/wells/blind_test/16_2-7.las
16_4-1,TRAIN,data/splits/wells/train/16_4-1.las
16_5-3,TRAIN,data/splits/wells/train/16_5-3.las
16_7-4,TRAIN,data/splits/wells/train/16_7-4.las
16_7-5,TRAIN,data/splits/wells/train/16_7-5.las
16_7-6,BLIND_TEST,data/splits/wells/blind_test/16_7-6.las
16_8-1,TRAIN,data/splits/wells/train/16_8-1.las
17_11-1,TRAIN,data/splits/wells/train/17_11-1.las
17_4-1,BLIND_TEST,data/splits/wells/blind_test/17_4-1.las
25_10-10,PUBLIC,data/splits/wells/public/25_10-10.las
25_10-9,BLIND_TEST,data/splits/wells/blind_test/25_10-9.las
25_11-15,TRAIN,data/splits/wells/train/25_11-15.las
25_11-19 S,TRAIN,data/splits/wells/train/25_11-19 S.las
25_11-24,PUBLIC,data/splits/wells/public/25_11-24.las
25_11-5,TRAIN,data/splits/wells/train/25_11-5.las
25_2-13 T4,TRAIN,data/splits/wells/train/25_2-13 T4.las
25_2-14,TRAIN,data/splits/wells/train/25_2-14.las
25_2-7,TRAIN,data/splits/wells/train/25_2-7.las
25_3-1,TRAIN,data/splits/wells/train/25_3-1.las
25_4-5,TRAIN,data/splits/wells/train/25_4-5.las
25_5-1,TRAIN,data/splits/wells/train/25_5-1.las
25_5-3,PUBLIC,data/splits/wells/public/25_5-3.las
25_5-4,TRAIN,data/splits/wells/train/25_5-4.las
25_6-1,TRAIN,data/splits/wells/train/25_6-1.las
25_6-2,TRAIN,data/splits/wells/train/25_6-2.las
25_6-3,TRAIN,data/splits/wells/train/25_6-3.las
25_7-2,TRAIN,data/splits/wells/train/25_7-2.las
25_8-5 S,TRAIN,data/splits/wells/train/25_8-5 S.las
25_8-7,TRAIN,data/splits/wells/train/25_8-7.las
25_9-1,TRAIN,data/splits/wells/train/25_9-1.las
26_4-1,TRAIN,data/splits/wells/train/26_4-1.las
29_3-1,PUBLIC,data/splits/wells/public/29_3-1.las
29_6-1,TRAIN,data/splits/wells/train/29_6-1.las
30_3-3,TRAIN,data/splits/wells/train/30_3-3.las
30_3-5 S,TRAIN,data/splits/wells/train/30_3-5 S.las
30_6-5,TRAIN,data/splits/wells/train/30_6-5.las
31_2-1,TRAIN,data/splits/wells/train/31_2-1.las
31_2-10,BLIND_TEST,data/splits/wells/blind_test/31_2-10.las
31_2-19 S,TRAIN,data/splits/wells/train/31_2-19 S.las
31_2-21 S,BLIND_TEST,data/splits/wells/blind_test/31_2-21 S.las
31_2-7,TRAIN,data/splits/wells/train/31_2-7.las
31_2-8,TRAIN,data/splits/wells/train/31_2-8.las
31_2-9,TRAIN,data/splits/wells/train/31_2-9.las
31_3-1,TRAIN,data/splits/wells/train/31_3-1.las
31_3-2,TRAIN,data/splits/wells/train/31_3-2.las
31_3-3,TRAIN,data/splits/wells/train/31_3-3.las
31_3-4,TRAIN,data/splits/wells/train/31_3-4.las
31_4-10,TRAIN,data/splits/wells/train/31_4-10.las
31_4-5,TRAIN,data/splits/wells/train/31_4-5.las
31_5-4 S,TRAIN,data/splits/wells/train/31_5-4 S.las
31_6-5,TRAIN,data/splits/wells/train/31_6-5.las
31_6-8,TRAIN,data/splits/wells/train/31_6-8.las
32_2-1,TRAIN,data/splits/wells/train/32_2-1.las
33_5-2,TRAIN,data/splits/wells/train/33_5-2.las
33_6-3 S,TRAIN,data/splits/wells/train/33_6-3 S.las
33_9-1,TRAIN,data/splits/wells/train/33_9-1.las
33_9-17,TRAIN,data/splits/wells/train/33_9-17.las
34_10-16 R,PUBLIC,data/splits/wells/public/34_10-16 R.las
34_10-19,TRAIN,data/splits/wells/train/34_10-19.las
34_10-21,TRAIN,data/splits/wells/train/34_10-21.las
34_10-33,TRAIN,data/splits/wells/train/34_10-33.las
34_10-35,TRAIN,data/splits/wells/train/34_10-35.las
34_11-1,TRAIN,data/splits/wells/train/34_11-1.las
34_11-2 S,TRAIN,data/splits/wells/train/34_11-2 S.las
34_12-1,TRAIN,data/splits/wells/train/34_12-1.las
34_2-4,TRAIN,data/splits/wells/train/34_2-4.las
34_3-1 A,TRAIN,data/splits/wells/train/34_3-1 A.las
34_3-2 S,BLIND_TEST,data/splits/wells/blind_test/34_3-2 S.las
34_3-3 A,PUBLIC,data/splits/wells/public/34_3-3 A.las
34_4-10 R,TRAIN,data/splits/wells/train/34_4-10 R.las
34_5-1 A,TRAIN,data/splits/wells/train/34_5-1 A.las
34_5-1 S,TRAIN,data/splits/wells/train/34_5-1 S.las
34_6-1 S,PUBLIC,data/splits/wells/public/34_6-1 S.las
34_7-13,TRAIN,data/splits/wells/train/34_7-13.las
34_7-20,TRAIN,data/splits/wells/train/34_7-20.las
34_7-21,TRAIN,data/splits/wells/train/34_7-21.las
34_8-1,TRAIN,data/splits/wells/train/34_8-1.las
34_8-3,TRAIN,data/splits/wells/train/34_8-3.las
34_8-7 R,TRAIN,data/splits/wells/train/34_8-7 R.las
35_11-1,TRAIN,data/splits/wells/train/35_11-1.las
35_11-10,TRAIN,data/splits/wells/train/35_11-10.las
35_11-11,TRAIN,data/splits/wells/train/35_11-11.las
35_11-12,TRAIN,data/splits/wells/train/35_11-12.las
35_11-13,TRAIN,data/splits/wells/train/35_11-13.las
35_11-15 S,TRAIN,data/splits/wells/train/35_11-15 S.las
35_11-5,BLIND_TEST,data/splits/wells/blind_test/35_11-5.las
35_11-6,TRAIN,data/splits/wells/train/35_11-6.las
35_11-7,TRAIN,data/splits/wells/train/35_11-7.las
35_12-1,TRAIN,data/splits/wells/train/35_12-1.las
35_3-7 S,TRAIN,data/splits/wells/train/35_3-7 S.las
35_4-1,TRAIN,data/splits/wells/train/35_4-1.las
35_6-2 S,PUBLIC,data/splits/wells/public/35_6-2 S.las
35_8-4,TRAIN,data/splits/wells/train/35_8-4.las
35_8-6 S,TRAIN,data/splits/wells/train/35_8-6 S.las
35_9-10 S,TRAIN,data/splits/wells/train/35_9-10 S.las
35_9-2,TRAIN,data/splits/wells/train/35_9-2.las
35_9-5,TRAIN,data/splits/wells/train/35_9-5.las
35_9-6 S,TRAIN,data/splits/wells/train/35_9-6 S.las
35_9-7,BLIND_TEST,data/splits/wells/blind_test/35_9-7.las
35_9-8,PUBLIC,data/splits/wells/public/35_9-8.las
36_7-3,TRAIN,data/splits/wells/train/36_7-3.las
7_1-1,TRAIN,data/splits/wells/train/7_1-1.las
7_1-2 S,TRAIN,data/splits/wells/train/7_1-2 S.las
