well_name,file_name,n_samples,depth_min,depth_max,median_step,mean_step,n_curves,curves
15_9-13,15_9-13.las,21441,25.0,3283.88,0.15200000000004366,0.152,21,"DEPT, FORCE_2020_LITHOFACIES_CONFIDENCE, FORCE_2020_LITHOFACIES_LITHOLOGY, CALI, MUDWEIGHT, ROP, RDEP, RSHA, RMED, RXO, SP, DTC, NPHI, PEF, GR, RHOB, DRHO, DEPTH_MD, X_LOC, Y_LOC, Z_LOC"
15_9-14,15_9-14.las,22875,98.804000854,3575.6520009,0.15200000000004366,0.15200000000201103,21,"DEPT, FORCE_2020_LITHOFACIES_CONFIDENCE, FORCE_2020_LITHOFACIES_LITHOLOGY, CALI, MUDWEIGHT, ROP, RDEP, RSHA, RMED, RXO, SP, DTC, NPHI, PEF, GR, RHOB, DRHO, DEPTH_MD, X_LOC, Y_LOC, Z_LOC"
15_9-15,15_9-15.las,20954,25.0,3209.856,0.15200000000004366,0.15200000000000002,23,"DEPT, FORCE_2020_LITHOFACIES_CONFIDENCE, FORCE_2020_LITHOFACIES_LITHOLOGY, CALI, BS, DCAL, MUDWEIGHT, ROP, RDEP, RSHA, RMED, RXO, SP, DTC, NPHI, PEF, GR, RHOB, DRHO, DEPTH_MD, X_LOC, Y_LOC, Z_LOC"
15_9-17,15_9-17.las,19879,102.61399841,3124.0699984,0.15200000000004366,0.15199999999949693,22,"DEPT, FORCE_2020_LITHOFACIES_CONFIDENCE, FORCE_2020_LITHOFACIES_LITHOLOGY, CALI, MUDWEIGHT, ROP, RDEP, RSHA, RMED, RXO, SP, DTC, NPHI, PEF, GR, RHOB, DRHO, SGR, DEPTH_MD, X_LOC, Y_LOC, Z_LOC"
15_9-23,15_9-23.las,20494,110.0,3224.936,0.15200000000004366,0.152,21,"DEPT, FORCE_2020_LITHOFACIES_CONFIDENCE, FORCE_2020_LITHOFACIES_LITHOLOGY, CALI, BS, DCAL, ROPA, ROP, RDEP, RMED, DTS, DTC, NPHI, PEF, GR, RHOB, DRHO, DEPTH_MD, X_LOC, Y_LOC, Z_LOC"
16_1-2,16_1-2.las,18547,104.90000153,2923.8920015,0.15200000000004366,0.15199999999838237,20,"DEPT, FORCE_2020_LITHOFACIES_CONFIDENCE, FORCE_2020_LITHOFACIES_LITHOLOGY, CALI, BS, MUDWEIGHT, ROP, RDEP, RSHA, RMED, SP, DTC, NPHI, GR, RHOB, DRHO, DEPTH_MD, X_LOC, Y_LOC, Z_LOC"
16_1-6 A,16_1-6 A.las,13513,140.09973504,2193.923735,0.15200000000004366,0.15199999999703967,18,"DEPT, FORCE_2020_LITHOFACIES_CONFIDENCE, FORCE_2020_LITHOFACIES_LITHOLOGY, CALI, BS, MUDWEIGHT, ROP, RDEP, RMED, DTC, NPHI, PEF, GR, RHOB, DEPTH_MD, X_LOC, Y_LOC, Z_LOC"
16_10-1,16_10-1.las,20147,99.99978984,3162.1917898,0.15200000000004366,0.15199999999801453,23,"DEPT, FORCE_2020_LITHOFACIES_CONFIDENCE, FORCE_2020_LITHOFACIES_LITHOLOGY, CALI, BS, DCAL, MUDWEIGHT, ROP, RDEP, RSHA, RMED, RXO, SP, DTC, NPHI, PEF, GR, RHOB, DRHO, DEPTH_MD, X_LOC, Y_LOC, Z_LOC"
16_10-2,16_10-2.las,20131,97.993202209,3157.7532022,0.15200000000004366,0.1519999999995529,20,"DEPT, FORCE_2020_LITHOFACIES_CONFIDENCE, FORCE_2020_LITHOFACIES_LITHOLOGY, CALI, BS, DCAL, MUDWEIGHT, RDEP, RMED, SP, DTC, NPHI, PEF, GR, RHOB, DRHO, DEPTH_MD, X_LOC, Y_LOC, Z_LOC"
16_10-3,16_10-3.las,17995,114.9095993,2849.9975993,0.15200000000004366,0.152,23,"DEPT, FORCE_2020_LITHOFACIES_CONFIDENCE, FORCE_2020_LITHOFACIES_LITHOLOGY, CALI, BS, DCAL, MUDWEIGHT, ROP, RDEP, RSHA, RMED, SP, DTS, DTC, NPHI, PEF, GR, RHOB, DRHO, DEPTH_MD, X_LOC, Y_LOC, Z_LOC"
16_10-5,16_10-5.las,18808,175.15638733,3033.8203873,0.15200000000004366,0.15199999999840486,22,"DEPT, FORCE_2020_LITHOFACIES_CONFIDENCE, FORCE_2020_LITHOFACIES_LITHOLOGY, CALI, BS, DCAL, ROPA, ROP, RDEP, RSHA, RMED, DTS, DTC, NPHI, PEF, GR, RHOB, DRHO, DEPTH_MD, X_LOC, Y_LOC, Z_LOC"
16_11-1 ST3,16_11-1 ST3.las,19470,88.593200684,3047.8812007,0.15200000000004366,0.15200000000082184,20,"DEPT, FORCE_2020_LITHOFACIES_CONFIDENCE, FORCE_2020_LITHOFACIES_LITHOLOGY, CALI, BS, MUDWEIGHT, ROP, RDEP, RSHA, RMED, SP, DTC, NPHI, GR, RHOB, DRHO, DEPTH_MD, X_LOC, Y_LOC, Z_LOC"
16_2-11 A,16_2-11 A.las,14672,138.12319946,2368.1151995,0.15200000000004366,0.15200000000272648,21,"DEPT, FORCE_2020_LITHOFACIES_CONFIDENCE, FORCE_2020_LITHOFACIES_LITHOLOGY, CALI, BS, ROPA, ROP, RDEP, RMED, RMIC, DTS, DTC, NPHI, PEF, GR, RHOB, DRHO, DEPTH_MD, X_LOC, Y_LOC, Z_LOC"
16_2-16,16_2-16.las,13637,142.39039612,2215.0623961,0.15200000000004366,0.15199999999853328,19,"DEPT, FORCE_2020_LITHOFACIES_CONFIDENCE, FORCE_2020_LITHOFACIES_LITHOLOGY, CALI, BS, ROP, RDEP, RMED, DTS, DTC, NPHI, PEF, GR, RHOB, DRHO, DEPTH_MD, X_LOC, Y_LOC, Z_LOC"
16_2-6,16_2-6.las,13094,141.01879883,2131.1547988,0.15200000000004366,0.15199999999770872,20,"DEPT, FORCE_2020_LITHOFACIES_CONFIDENCE, FORCE_2020_LITHOFACIES_LITHOLOGY, CALI, BS, ROPA, ROP, RDEP, RMED, DTS, DTC, NPHI, PEF, GR, RHOB, DRHO, DEPTH_MD, X_LOC, Y_LOC, Z_LOC"
16_2-7,16_2-7.las,15556,135.63600159,2499.9960016,0.15200000000004366,0.15200000000064287,22,"DEPT, FORCE_2020_LITHOFACIES_CONFIDENCE, FORCE_2020_LITHOFACIES_LITHOLOGY, CALI, BS, DCAL, ROPA, ROP, RDEP, RMED, RMIC, DTS, DTC, NPHI, PEF, GR, RHOB, DRHO, DEPTH_MD, X_LOC, Y_LOC, Z_LOC"
16_4-1,16_4-1.las,18424,112.60960388,2912.9056039,0.15200000000004366,0.1520000000010856,23,"DEPT, FORCE_2020_LITHOFACIES_CONFIDENCE, FORCE_2020_LITHOFACIES_LITHOLOGY, CALI, BS, DCAL, MUDWEIGHT, ROP, RDEP, RSHA, RMED, RXO, SP, DTC, NPHI, PEF, GR, RHOB, DRHO, DEPTH_MD, X_LOC, Y_LOC, Z_LOC"
16_5-3,16_5-3.las,12261,130.046,1993.566,0.15200000000004366,0.152,21,"DEPT, FORCE_2020_LITHOFACIES_CONFIDENCE, FORCE_2020_LITHOFACIES_LITHOLOGY, CALI, BS, ROPA, ROP, RDEP, RMED, RMIC, DTS, DTC, NPHI, PEF, GR, RHOB, DRHO, DEPTH_MD, X_LOC, Y_LOC, Z_LOC"
16_7-4,16_7-4.las,17412,140.1,2786.572,0.15200000000004366,0.152,21,"DEPT, FORCE_2020_LITHOFACIES_CONFIDENCE, FORCE_2020_LITHOFACIES_LITHOLOGY, CALI, BS, DCAL, MUDWEIGHT, ROP, RDEP, RSHA, RMED, SP, DTC, NPHI, GR, RHOB, DRHO, DEPTH_MD, X_LOC, Y_LOC, Z_LOC"
16_7-5,16_7-5.las,18488,99.151985168,2909.1759852,0.15200000000004366,0.15200000000173094,20,"DEPT, FORCE_2020_LITHOFACIES_CONFIDENCE, FORCE_2020_LITHOFACIES_LITHOLOGY, CALI, MUDWEIGHT, ROP, RDEP, RSHA, RMED, SP, DTC, NPHI, PEF, GR, RHOB, DRHO, DEPTH_MD, X_LOC, Y_LOC, Z_LOC"
16_7-6,16_7-6.las,17304,103.0223999,2733.0783999,0.15200000000004366,0.152,24,"DEPT, FORCE_2020_LITHOFACIES_CONFIDENCE, FORCE_2020_LITHOFACIES_LITHOLOGY, CALI, BS, DCAL, ROP, RDEP, RSHA, RMED, RMIC, SP, DTS, DTC, NPHI, PEF, GR, RHOB, DRHO, SGR, DEPTH_MD, X_LOC, Y_LOC, Z_LOC"
16_8-1,16_8-1.las,14586,96.975196838,2313.8951968,0.15200000000004366,0.15199999999739458,19,"DEPT, FORCE_2020_LITHOFACIES_CONFIDENCE, FORCE_2020_LITHOFACIES_LITHOLOGY, CALI, MUDWEIGHT, ROP, RDEP, RSHA, RMED, SP, DTC, NPHI, GR, RHOB, DRHO, DEPTH_MD, X_LOC, Y_LOC, Z_LOC"
17_11-1,17_11-1.las,20533,148.45701599,3269.321016,0.15200000000004366,0.15200000000048705,19,"DEPT, FORCE_2020_LITHOFACIES_CONFIDENCE, FORCE_2020_LITHOFACIES_LITHOLOGY, CALI, MUDWEIGHT, ROP, RDEP, RSHA, RMED, SP, DTC, NPHI, GR, RHOB, DRHO, DEPTH_MD, X_LOC, Y_LOC, Z_LOC"
17_4-1,17_4-1.las,25420,136.4467926,4000.1347926,0.15200000000004366,0.152,19,"DEPT, FORCE_2020_LITHOFACIES_CONFIDENCE, FORCE_2020_LITHOFACIES_LITHOLOGY, CALI, ROP, RDEP, RSHA, RMED, RXO, SP, DTC, NPHI, GR, RHOB, DRHO, DEPTH_MD, X_LOC, Y_LOC, Z_LOC"
25_10-10,25_10-10.las,15346,182.0144,2514.4544,0.15200000000004366,0.152,23,"DEPT, FORCE_2020_LITHOFACIES_CONFIDENCE, FORCE_2020_LITHOFACIES_LITHOLOGY, CALI, BS, DCAL, ROPA, ROP, RDEP, RSHA, RMED, RMIC, DTS, DTC, NPHI, PEF, GR, RHOB, DRHO, DEPTH_MD, X_LOC, Y_LOC, Z_LOC"
25_10-9,25_10-9.las,19639,0.0488,2985.0248,0.15200000000004366,0.15200000000000002,21,"DEPT, FORCE_2020_LITHOFACIES_CONFIDENCE, FORCE_2020_LITHOFACIES_LITHOLOGY, CALI, BS, DCAL, ROPA, ROP, RDEP, RMED, DTS, DTC, NPHI, PEF, GR, RHOB, DRHO, DEPTH_MD, X_LOC, Y_LOC, Z_LOC"
25_11-15,25_11-15.las,12402,149.9997,2034.9517,0.15200000000004366,0.15200000000000002,20,"DEPT, FORCE_2020_LITHOFACIES_CONFIDENCE, FORCE_2020_LITHOFACIES_LITHOLOGY, CALI, BS, MUDWEIGHT, ROP, RDEP, RSHA, RMED, SP, DTC, NPHI, GR, RHOB, DRHO, DEPTH_MD, X_LOC, Y_LOC, Z_LOC"
25_11-19 S,25_11-19 S.las,13783,155.09970504,2249.963705,0.15200000000004366,0.15199999999709765,19,"DEPT, FORCE_2020_LITHOFACIES_CONFIDENCE, FORCE_2020_LITHOFACIES_LITHOLOGY, CALI, MUDWEIGHT, ROP, RDEP, RSHA, RMED, DTC, NPHI, PEF, GR, RHOB, DRHO, DEPTH_MD, X_LOC, Y_LOC, Z_LOC"
25_11-24,25_11-24.las,13052,135.0752,2118.8272,0.15200000000004366,0.15200000000000002,22,"DEPT, FORCE_2020_LITHOFACIES_CONFIDENCE, FORCE_2020_LITHOFACIES_LITHOLOGY, CALI, BS, DCAL, ROPA, ROP, RDEP, RMED, RMIC, DTS, DTC, NPHI, PEF, GR, RHOB, DRHO, DEPTH_MD, X_LOC, Y_LOC, Z_LOC"
25_11-5,25_11-5.las,13337,146.60871887,2173.6807189,0.15200000000004366,0.15200000000224956,20,"DEPT, FORCE_2020_LITHOFACIES_CONFIDENCE, FORCE_2020_LITHOFACIES_LITHOLOGY, CALI, BS, DCAL, MUDWEIGHT, ROP, RDEP, RMED, SP, DTC, NPHI, GR, RHOB, DRHO, DEPTH_MD, X_LOC, Y_LOC, Z_LOC"
25_2-13 T4,25_2-13 T4.las,24492,185.0,3907.632,0.15200000000004366,0.152,21,"DEPT, FORCE_2020_LITHOFACIES_CONFIDENCE, FORCE_2020_LITHOFACIES_LITHOLOGY, CALI, BS, DCAL, RDEP, RSHA, RMED, RXO, SP, DTC, NPHI, PEF, GR, RHOB, DRHO, DEPTH_MD, X_LOC, Y_LOC, Z_LOC"
25_2-14,25_2-14.las,22963,139.04190063,3629.2659006,0.15200000000004366,0.15199999999869349,21,"DEPT, FORCE_2020_LITHOFACIES_CONFIDENCE, FORCE_2020_LITHOFACIES_LITHOLOGY, CALI, BS, DCAL, ROP, RDEP, RSHA, RMED, SP, DTC, NPHI, PEF, GR, RHOB, DRHO, DEPTH_MD, X_LOC, Y_LOC, Z_LOC"
25_2-7,25_2-7.las,26059,133.61000061,4094.4260006,0.15200000000004366,0.15199999999961625,22,"DEPT, FORCE_2020_LITHOFACIES_CONFIDENCE, FORCE_2020_LITHOFACIES_LITHOLOGY, CALI, BS, MUDWEIGHT, ROP, RDEP, RSHA, RMED, RXO, SP, DTC, NPHI, PEF, GR, RHOB, DRHO, DEPTH_MD, X_LOC, Y_LOC, Z_LOC"
25_3-1,25_3-1.las,24963,136.0,3930.224,0.15200000000004366,0.152,24,"DEPT, FORCE_2020_LITHOFACIES_CONFIDENCE, FORCE_2020_LITHOFACIES_LITHOLOGY, CALI, BS, DCAL, MUDWEIGHT, ROP, RDEP, RSHA, RMED, RXO, RMIC, SP, DTC, NPHI, PEF, GR, RHOB, DRHO, DEPTH_MD, X_LOC, Y_LOC, Z_LOC"
25_4-5,25_4-5.las,27691,145.59080505,4354.4708051,0.15200000000004366,0.1520000000018057,20,"DEPT, FORCE_2020_LITHOFACIES_CONFIDENCE, FORCE_2020_LITHOFACIES_LITHOLOGY, CALI, BS, DCAL, RDEP, RSHA, RMED, RMIC, DTC, NPHI, PEF, GR, RHOB, DRHO, DEPTH_MD, X_LOC, Y_LOC, Z_LOC"
25_5-1,25_5-1.las,21629,145.0,3432.456,0.15200000000004366,0.152,21,"DEPT, FORCE_2020_LITHOFACIES_CONFIDENCE, FORCE_2020_LITHOFACIES_LITHOLOGY, CALI, MUDWEIGHT, ROP, RDEP, RSHA, RMED, RXO, SP, DTC, NPHI, PEF, GR, RHOB, DRHO, DEPTH_MD, X_LOC, Y_LOC, Z_LOC"
25_5-3,25_5-3.las,18058,153.3631897,2898.0271897,0.15200000000004366,0.152,20,"DEPT, FORCE_2020_LITHOFACIES_CONFIDENCE, FORCE_2020_LITHOFACIES_LITHOLOGY, CALI, BS, RDEP, RSHA, RMED, RXO, SP, DTC, NPHI, PEF, GR, RHOB, DRHO, DEPTH_MD, X_LOC, Y_LOC, Z_LOC"
25_5-4,25_5-4.las,20021,145.00030518,3188.0403052,0.15200000000004366,0.152000000000999,21,"DEPT, FORCE_2020_LITHOFACIES_CONFIDENCE, FORCE_2020_LITHOFACIES_LITHOLOGY, CALI, BS, DCAL, RDEP, RSHA, RMED, RXO, SP, DTC, NPHI, PEF, GR, RHOB, DRHO, DEPTH_MD, X_LOC, Y_LOC, Z_LOC"
25_6-1,25_6-1.las,18033,140.0,2880.864,0.15200000000004366,0.152,21,"DEPT, FORCE_2020_LITHOFACIES_CONFIDENCE, FORCE_2020_LITHOFACIES_LITHOLOGY, CALI, BS, DCAL, MUDWEIGHT, ROP, RDEP, RSHA, RMED, SP, DTC, NPHI, GR, RHOB, DRHO, DEPTH_MD, X_LOC, Y_LOC, Z_LOC"
25_6-2,25_6-2.las,14836,145.0,2399.92,0.15200000000004366,0.152,22,"DEPT, FORCE_2020_LITHOFACIES_CONFIDENCE, FORCE_2020_LITHOFACIES_LITHOLOGY, CALI, BS, MUDWEIGHT, ROP, RDEP, RSHA, RMED, RXO, RMIC, SP, DTC, NPHI, GR, RHOB, DRHO, DEPTH_MD, X_LOC, Y_LOC, Z_LOC"
25_6-3,25_6-3.las,15388,138.09972888,2476.9237289,0.15200000000004366,0.1520000000012998,21,"DEPT, FORCE_2020_LITHOFACIES_CONFIDENCE, FORCE_2020_LITHOFACIES_LITHOLOGY, CALI, BS, MUDWEIGHT, ROP, RDEP, RSHA, RMED, RMIC, SP, DTS, DTC, NPHI, GR, RHOB, DEPTH_MD, X_LOC, Y_LOC, Z_LOC"
25_7-2,25_7-2.las,31686,133.856,4949.976,0.15200000000004366,0.152,24,"DEPT, FORCE_2020_LITHOFACIES_CONFIDENCE, FORCE_2020_LITHOFACIES_LITHOLOGY, CALI, BS, DCAL, ROP, RDEP, RSHA, RMED, RXO, RMIC, SP, DTC, NPHI, PEF, GR, RHOB, DRHO, SGR, DEPTH_MD, X_LOC, Y_LOC, Z_LOC"
25_8-5 S,25_8-5 S.las,20537,273.7104,3395.1824,0.15200000000004366,0.152,25,"DEPT, FORCE_2020_LITHOFACIES_CONFIDENCE, FORCE_2020_LITHOFACIES_LITHOLOGY, CALI, BS, DCAL, MUDWEIGHT, ROP, RDEP, RSHA, RMED, RXO, RMIC, SP, DTS, DTC, NPHI, PEF, GR, RHOB, DRHO, DEPTH_MD, X_LOC, Y_LOC, Z_LOC"
25_8-7,25_8-7.las,9268,975.05511475,2383.6391147,0.15200000000004366,0.1519999999946045,23,"DEPT, FORCE_2020_LITHOFACIES_CONFIDENCE, FORCE_2020_LITHOFACIES_LITHOLOGY, CALI, BS, DCAL, MUDWEIGHT, ROP, RDEP, RSHA, RMED, RMIC, SP, DTC, NPHI, PEF, GR, RHOB, DRHO, DEPTH_MD, X_LOC, Y_LOC, Z_LOC"
25_9-1,25_9-1.las,16132,80.15,2532.062,0.15200000000004366,0.15200000000000002,23,"DEPT, FORCE_2020_LITHOFACIES_CONFIDENCE, FORCE_2020_LITHOFACIES_LITHOLOGY, CALI, BS, MUDWEIGHT, ROP, RDEP, RSHA, RMED, RXO, RMIC, SP, DTC, NPHI, PEF, GR, RHOB, DRHO, DEPTH_MD, X_LOC, Y_LOC, Z_LOC"
26_4-1,26_4-1.las,22742,233.24819946,3689.8801995,0.15200000000004366,0.15200000000175895,22,"DEPT, FORCE_2020_LITHOFACIES_CONFIDENCE, FORCE_2020_LITHOFACIES_LITHOLOGY, CALI, BS, DCAL, MUDWEIGHT, ROP, RDEP, RSHA, RMED, SP, DTC, NPHI, PEF, GR, RHOB, DRHO, DEPTH_MD, X_LOC, Y_LOC, Z_LOC"
29_3-1,29_3-1.las,28514,132.61000061,4466.5860006,0.15200000000004366,0.1519999999996493,17,"DEPT, FORCE_2020_LITHOFACIES_CONFIDENCE, FORCE_2020_LITHOFACIES_LITHOLOGY, CALI, RDEP, RMED, SP, DTC, NPHI, PEF, GR, RHOB, DRHO, DEPTH_MD, X_LOC, Y_LOC, Z_LOC"
29_6-1,29_6-1.las,30856,147.45700073,4837.4170007,0.15200000000004366,0.15199999999902772,20,"DEPT, FORCE_2020_LITHOFACIES_CONFIDENCE, FORCE_2020_LITHOFACIES_LITHOLOGY, CALI, RDEP, RSHA, RMED, RXO, SP, DTC, NPHI, PEF, GR, RHOB, DRHO, SGR, DEPTH_MD, X_LOC, Y_LOC, Z_LOC"
30_3-3,30_3-3.las,21287,200.91,3436.382,0.15200000000004366,0.152,19,"DEPT, FORCE_2020_LITHOFACIES_CONFIDENCE, FORCE_2020_LITHOFACIES_LITHOLOGY, CALI, RDEP, RSHA, RMED, RXO, SP, DTC, NPHI, PEF, GR, RHOB, DRHO, DEPTH_MD, X_LOC, Y_LOC, Z_LOC"
30_3-5 S,30_3-5 S.las,28123,433.16958618,4707.7135862,0.15200000000004366,0.15200000000071118,16,"DEPT, FORCE_2020_LITHOFACIES_CONFIDENCE, FORCE_2020_LITHOFACIES_LITHOLOGY, CALI, RDEP, RMED, DTC, NPHI, PEF, GR, RHOB, DRHO, DEPTH_MD, X_LOC, Y_LOC, Z_LOC"
30_6-5,30_6-5.las,22910,74.0664,3556.2344,0.15200000000004366,0.152,20,"DEPT, FORCE_2020_LITHOFACIES_CONFIDENCE, FORCE_2020_LITHOFACIES_LITHOLOGY, CALI, ROP, RDEP, RSHA, RMED, RXO, SP, DTC, NPHI, PEF, GR, RHOB, DRHO, DEPTH_MD, X_LOC, Y_LOC, Z_LOC"
31_2-1,31_2-1.las,16035,0.0762000009,2437.2442,0.15200000000004366,0.15199999999994387,19,"DEPT, FORCE_2020_LITHOFACIES_CONFIDENCE, FORCE_2020_LITHOFACIES_LITHOLOGY, CALI, BS, RDEP, RSHA, RMED, RXO, SP, DTC, NPHI, GR, RHOB, DRHO, DEPTH_MD, X_LOC, Y_LOC, Z_LOC"
31_2-10,31_2-10.las,11934,25.0,1838.816,0.15200000000004366,0.152,19,"DEPT, FORCE_2020_LITHOFACIES_CONFIDENCE, FORCE_2020_LITHOFACIES_LITHOLOGY, CALI, RDEP, RSHA, RMED, RXO, SP, DTC, NPHI, PEF, GR, RHOB, DRHO, DEPTH_MD, X_LOC, Y_LOC, Z_LOC"
31_2-19 S,31_2-19 S.las,24730,367.9424,4126.7504,0.15200000000004366,0.152,23,"DEPT, FORCE_2020_LITHOFACIES_CONFIDENCE, FORCE_2020_LITHOFACIES_LITHOLOGY, CALI, BS, DCAL, RDEP, RSHA, RMED, RXO, RMIC, SP, DTS, DTC, NPHI, PEF, GR, RHOB, DRHO, DEPTH_MD, X_LOC, Y_LOC, Z_LOC"
31_2-21 S,31_2-21 S.las,18731,372.0084,3218.9684,0.15200000000004366,0.152,20,"DEPT, FORCE_2020_LITHOFACIES_CONFIDENCE, FORCE_2020_LITHOFACIES_LITHOLOGY, CALI, BS, ROPA, ROP, RDEP, RMED, DTS, DTC, NPHI, PEF, GR, RHOB, DRHO, DEPTH_MD, X_LOC, Y_LOC, Z_LOC"
31_2-7,31_2-7.las,8647,353.30493164,1667.4969316,0.15200000000004366,0.15199999999537359,20,"DEPT, FORCE_2020_LITHOFACIES_CONFIDENCE, FORCE_2020_LITHOFACIES_LITHOLOGY, CALI, RDEP, RSHA, RMED, RXO, SP, DTC, NPHI, PEF, GR, RHOB, DRHO, SGR, DEPTH_MD, X_LOC, Y_LOC, Z_LOC"
31_2-8,31_2-8.las,19923,360.82897949,3388.9729795,0.15200000000004366,0.15200000000050196,20,"DEPT, FORCE_2020_LITHOFACIES_CONFIDENCE, FORCE_2020_LITHOFACIES_LITHOLOGY, CALI, RDEP, RSHA, RMED, RXO, SP, DTC, NPHI, PEF, GR, RHOB, DRHO, SGR, DEPTH_MD, X_LOC, Y_LOC, Z_LOC"
31_2-9,31_2-9.las,9402,349.30508423,1778.2570842,0.15200000000004366,0.15199999999680885,20,"DEPT, FORCE_2020_LITHOFACIES_CONFIDENCE, FORCE_2020_LITHOFACIES_LITHOLOGY, CALI, RDEP, RSHA, RMED, RXO, SP, DTC, NPHI, PEF, GR, RHOB, DRHO, SGR, DEPTH_MD, X_LOC, Y_LOC, Z_LOC"
31_3-1,31_3-1.las,13361,349.125,2379.845,0.15200000000004366,0.152,19,"DEPT, FORCE_2020_LITHOFACIES_CONFIDENCE, FORCE_2020_LITHOFACIES_LITHOLOGY, CALI, BS, RDEP, RSHA, RMED, RMIC, SP, DTC, NPHI, GR, RHOB, DRHO, DEPTH_MD, X_LOC, Y_LOC, Z_LOC"
31_3-2,31_3-2.las,11426,358.30490112,2094.9049011,0.15200000000004366,0.15199999999824945,21,"DEPT, FORCE_2020_LITHOFACIES_CONFIDENCE, FORCE_2020_LITHOFACIES_LITHOLOGY, CALI, BS, RDEP, RSHA, RMED, RXO, RMIC, SP, DTC, NPHI, PEF, GR, RHOB, DRHO, DEPTH_MD, X_LOC, Y_LOC, Z_LOC"
31_3-3,31_3-3.las,14668,348.25,2577.634,0.15200000000004366,0.152,18,"DEPT, FORCE_2020_LITHOFACIES_CONFIDENCE, FORCE_2020_LITHOFACIES_LITHOLOGY, CALI, BS, RDEP, RSHA, RMED, SP, DTC, NPHI, GR, RHOB, DRHO, DEPTH_MD, X_LOC, Y_LOC, Z_LOC"
31_3-4,31_3-4.las,11413,388.009638,2122.633638,0.15200000000004366,0.15199999999999997,22,"DEPT, FORCE_2020_LITHOFACIES_CONFIDENCE, FORCE_2020_LITHOFACIES_LITHOLOGY, CALI, BS, ROPA, ROP, RDEP, RSHA, RMED, RMIC, DTS, DTC, NPHI, PEF, GR, RHOB, DRHO, DEPTH_MD, X_LOC, Y_LOC, Z_LOC"
31_4-10,31_4-10.las,13779,257.45239258,2351.7083926,0.15200000000004366,0.15200000000145159,19,"DEPT, FORCE_2020_LITHOFACIES_CONFIDENCE, FORCE_2020_LITHOFACIES_LITHOLOGY, CALI, ROPA, RDEP, RSHA, RMED, RXO, SP, DTC, NPHI, GR, RHOB, DRHO, DEPTH_MD, X_LOC, Y_LOC, Z_LOC"
31_4-5,31_4-5.las,18352,144.82879639,2934.1807964,0.15200000000004366,0.15200000000054492,21,"DEPT, FORCE_2020_LITHOFACIES_CONFIDENCE, FORCE_2020_LITHOFACIES_LITHOLOGY, CALI, RDEP, RSHA, RMED, RXO, RMIC, SP, DTC, NPHI, PEF, GR, RHOB, DRHO, SGR, DEPTH_MD, X_LOC, Y_LOC, Z_LOC"
31_5-4 S,31_5-4 S.las,11467,164.79,1907.622,0.15200000000004366,0.152,18,"DEPT, FORCE_2020_LITHOFACIES_CONFIDENCE, FORCE_2020_LITHOFACIES_LITHOLOGY, CALI, RDEP, RSHA, RMED, RXO, SP, DTC, NPHI, GR, RHOB, DRHO, DEPTH_MD, X_LOC, Y_LOC, Z_LOC"
31_6-5,31_6-5.las,11597,326.375,2088.967,0.15200000000004366,0.152,18,"DEPT, FORCE_2020_LITHOFACIES_CONFIDENCE, FORCE_2020_LITHOFACIES_LITHOLOGY, CALI, BS, RDEP, RSHA, RMED, SP, DTC, NPHI, GR, RHOB, DRHO, DEPTH_MD, X_LOC, Y_LOC, Z_LOC"
31_6-8,31_6-8.las,9727,668.93243408,2147.2844341,0.15200000000004366,0.15200000000205635,19,"DEPT, FORCE_2020_LITHOFACIES_CONFIDENCE, FORCE_2020_LITHOFACIES_LITHOLOGY, CALI, BS, RDEP, RSHA, RMED, RXO, SP, DTC, NPHI, GR, RHOB, DRHO, DEPTH_MD, X_LOC, Y_LOC, Z_LOC"
32_2-1,32_2-1.las,6059,379.0676,1299.8836,0.15200000000004366,0.15199999999999997,21,"DEPT, FORCE_2020_LITHOFACIES_CONFIDENCE, FORCE_2020_LITHOFACIES_LITHOLOGY, CALI, BS, ROPA, ROP, RDEP, RSHA, RMED, DTS, DTC, NPHI, PEF, GR, RHOB, DRHO, DEPTH_MD, X_LOC, Y_LOC, Z_LOC"
33_5-2,33_5-2.las,27702,324.15206909,4534.7040691,0.15200000000004366,0.152000000000361,18,"DEPT, FORCE_2020_LITHOFACIES_CONFIDENCE, FORCE_2020_LITHOFACIES_LITHOLOGY, CALI, BS, RDEP, RSHA, RMED, SP, DTC, NPHI, GR, RHOB, DRHO, DEPTH_MD, X_LOC, Y_LOC, Z_LOC"
33_6-3 S,33_6-3 S.las,26868,360.1212,4443.9052,0.15200000000004366,0.152,20,"DEPT, FORCE_2020_LITHOFACIES_CONFIDENCE, FORCE_2020_LITHOFACIES_LITHOLOGY, CALI, BS, ROPA, ROP, RDEP, RMED, DTS, DTC, NPHI, PEF, GR, RHOB, DRHO, DEPTH_MD, X_LOC, Y_LOC, Z_LOC"
33_9-1,33_9-1.las,17606,457.61,3133.57,0.15200000000004366,0.152,18,"DEPT, FORCE_2020_LITHOFACIES_CONFIDENCE, FORCE_2020_LITHOFACIES_LITHOLOGY, CALI, BS, RDEP, RSHA, RMED, SP, DTC, NPHI, GR, RHOB, DRHO, DEPTH_MD, X_LOC, Y_LOC, Z_LOC"
33_9-17,33_9-17.las,19771,254.60998535,3259.6499854,0.15200000000004366,0.15200000000252908,21,"DEPT, FORCE_2020_LITHOFACIES_CONFIDENCE, FORCE_2020_LITHOFACIES_LITHOLOGY, CALI, BS, ROPA, RDEP, RSHA, RMED, RXO, SP, DTC, NPHI, PEF, GR, RHOB, DRHO, DEPTH_MD, X_LOC, Y_LOC, Z_LOC"
34_10-16 R,34_10-16 R.las,25579,163.15200806,4051.0080081,0.15200000000004366,0.15200000000156386,19,"DEPT, FORCE_2020_LITHOFACIES_CONFIDENCE, FORCE_2020_LITHOFACIES_LITHOLOGY, CALI, RDEP, RSHA, RMED, RXO, SP, DTC, NPHI, PEF, GR, RHOB, DRHO, DEPTH_MD, X_LOC, Y_LOC, Z_LOC"
34_10-19,34_10-19.las,13238,211.0,2223.024,0.15200000000004366,0.152,18,"DEPT, FORCE_2020_LITHOFACIES_CONFIDENCE, FORCE_2020_LITHOFACIES_LITHOLOGY, CALI, RDEP, RSHA, RMED, RXO, SP, DTC, NPHI, GR, RHOB, DRHO, DEPTH_MD, X_LOC, Y_LOC, Z_LOC"
34_10-21,34_10-21.las,24926,226.21040344,4014.8104034,0.15200000000004366,0.15199999999839517,19,"DEPT, FORCE_2020_LITHOFACIES_CONFIDENCE, FORCE_2020_LITHOFACIES_LITHOLOGY, CALI, RDEP, RSHA, RMED, RXO, SP, DTC, NPHI, PEF, GR, RHOB, DRHO, DEPTH_MD, X_LOC, Y_LOC, Z_LOC"
34_10-33,34_10-33.las,24490,156.0,3878.328,0.15200000000004366,0.152,17,"DEPT, FORCE_2020_LITHOFACIES_CONFIDENCE, FORCE_2020_LITHOFACIES_LITHOLOGY, CALI, BS, RDEP, RSHA, SP, DTC, NPHI, GR, RHOB, DRHO, DEPTH_MD, X_LOC, Y_LOC, Z_LOC"
34_10-35,34_10-35.las,26900,223.375,4312.023,0.15200000000004366,0.152,19,"DEPT, FORCE_2020_LITHOFACIES_CONFIDENCE, FORCE_2020_LITHOFACIES_LITHOLOGY, CALI, RDEP, RSHA, RMED, SP, DTS, DTC, NPHI, PEF, GR, RHOB, DRHO, DEPTH_MD, X_LOC, Y_LOC, Z_LOC"
34_11-1,34_11-1.las,29690,65.875,4578.603,0.15200000000004366,0.152,19,"DEPT, FORCE_2020_LITHOFACIES_CONFIDENCE, FORCE_2020_LITHOFACIES_LITHOLOGY, CALI, BS, ROPA, RDEP, RSHA, RMED, RMIC, DTS, DTC, NPHI, GR, RHOB, DEPTH_MD, X_LOC, Y_LOC, Z_LOC"
34_11-2 S,34_11-2 S.las,29422,286.0,4757.992,0.15200000000004366,0.152,20,"DEPT, FORCE_2020_LITHOFACIES_CONFIDENCE, FORCE_2020_LITHOFACIES_LITHOLOGY, CALI, ROPA, RDEP, RSHA, RMED, RXO, SP, DTC, NPHI, PEF, GR, RHOB, DRHO, DEPTH_MD, X_LOC, Y_LOC, Z_LOC"
34_12-1,34_12-1.las,28434,398.11758423,4719.9335842,0.15200000000004366,0.1519999999989449,22,"DEPT, FORCE_2020_LITHOFACIES_CONFIDENCE, FORCE_2020_LITHOFACIES_LITHOLOGY, CALI, BS, ROPA, ROP, RDEP, RSHA, RMED, DTS, DTC, NPHI, PEF, GR, RHOB, DRHO, SGR, DEPTH_MD, X_LOC, Y_LOC, Z_LOC"
34_2-4,34_2-4.las,24318,419.60943604,4115.793436,0.15200000000004366,0.15199999999835506,19,"DEPT, FORCE_2020_LITHOFACIES_CONFIDENCE, FORCE_2020_LITHOFACIES_LITHOLOGY, CALI, RDEP, RSHA, RMED, SP, DTC, NPHI, PEF, GR, RHOB, DRHO, SGR, DEPTH_MD, X_LOC, Y_LOC, Z_LOC"
34_3-1 A,34_3-1 A.las,24513,436.21671456,4162.0407146,0.15200000000004366,0.15200000000163183,21,"DEPT, FORCE_2020_LITHOFACIES_CONFIDENCE, FORCE_2020_LITHOFACIES_LITHOLOGY, CALI, BS, ROPA, ROP, RDEP, RMED, RMIC, DTS, DTC, NPHI, PEF, GR, RHOB, DRHO, DEPTH_MD, X_LOC, Y_LOC, Z_LOC"
34_3-2 S,34_3-2 S.las,25699,426.0068,4332.1028,0.15200000000004366,0.152,20,"DEPT, FORCE_2020_LITHOFACIES_CONFIDENCE, FORCE_2020_LITHOFACIES_LITHOLOGY, CALI, BS, ROPA, ROP, RDEP, RMED, DTS, DTC, NPHI, PEF, GR, RHOB, DRHO, DEPTH_MD, X_LOC, Y_LOC, Z_LOC"
34_3-3 A,34_3-3 A.las,30228,418.38597552,5012.8899755,0.15200000000004366,0.1519999999993384,20,"DEPT, FORCE_2020_LITHOFACIES_CONFIDENCE, FORCE_2020_LITHOFACIES_LITHOLOGY, CALI, BS, ROPA, ROP, RDEP, RMED, DTS, DTC, NPHI, PEF, GR, RHOB, DRHO, DEPTH_MD, X_LOC, Y_LOC, Z_LOC"
34_4-10 R,34_4-10 R.las,25514,372.81846696,4250.794467,0.15200000000004366,0.15200000000156783,20,"DEPT, FORCE_2020_LITHOFACIES_CONFIDENCE, FORCE_2020_LITHOFACIES_LITHOLOGY, CALI, BS, ROPA, ROP, RDEP, RMED, DTS, DTC, NPHI, PEF, GR, RHOB, DRHO, DEPTH_MD, X_LOC, Y_LOC, Z_LOC"
34_5-1 A,34_5-1 A.las,26343,411.98599243,4415.9699924,0.15200000000004366,0.15199999999886113,20,"DEPT, FORCE_2020_LITHOFACIES_CONFIDENCE, FORCE_2020_LITHOFACIES_LITHOLOGY, CALI, BS, ROPA, ROP, RDEP, RMED, DTS, DTC, NPHI, PEF, GR, RHOB, DRHO, DEPTH_MD, X_LOC, Y_LOC, Z_LOC"
34_5-1 S,34_5-1 S.las,22969,411.986,3903.122,0.15200000000004366,0.152,21,"DEPT, FORCE_2020_LITHOFACIES_CONFIDENCE, FORCE_2020_LITHOFACIES_LITHOLOGY, CALI, BS, DCAL, ROPA, ROP, RDEP, RMED, DTS, DTC, NPHI, PEF, GR, RHOB, DRHO, DEPTH_MD, X_LOC, Y_LOC, Z_LOC"
34_6-1 S,34_6-1 S.las,26090,406.0424,4371.5704,0.15200000000004366,0.15199999999999997,18,"DEPT, FORCE_2020_LITHOFACIES_CONFIDENCE, FORCE_2020_LITHOFACIES_LITHOLOGY, CALI, BS, ROPA, RDEP, RMED, DTS, DTC, NPHI, PEF, GR, RHOB, DEPTH_MD, X_LOC, Y_LOC, Z_LOC"
34_7-13,34_7-13.las,16891,433.625,3000.905,0.15200000000004366,0.15200000000000002,18,"DEPT, FORCE_2020_LITHOFACIES_CONFIDENCE, FORCE_2020_LITHOFACIES_LITHOLOGY, CALI, BS, RDEP, RSHA, RMED, SP, DTC, NPHI, GR, RHOB, DRHO, DEPTH_MD, X_LOC, Y_LOC, Z_LOC"
34_7-20,34_7-20.las,18193,417.47,3182.654,0.15200000000004366,0.15200000000000002,17,"DEPT, FORCE_2020_LITHOFACIES_CONFIDENCE, FORCE_2020_LITHOFACIES_LITHOLOGY, CALI, RDEP, RSHA, RMED, SP, DTC, NPHI, GR, RHOB, DRHO, DEPTH_MD, X_LOC, Y_LOC, Z_LOC"
34_7-21,34_7-21.las,18463,212.75,3018.974,0.15200000000004366,0.152,18,"DEPT, FORCE_2020_LITHOFACIES_CONFIDENCE, FORCE_2020_LITHOFACIES_LITHOLOGY, CALI, RDEP, RSHA, RMED, SP, DTC, NPHI, PEF, GR, RHOB, DRHO, DEPTH_MD, X_LOC, Y_LOC, Z_LOC"
34_8-1,34_8-1.las,21558,345.30502319,3621.9690232,0.15200000000004366,0.15200000000046388,21,"DEPT, FORCE_2020_LITHOFACIES_CONFIDENCE, FORCE_2020_LITHOFACIES_LITHOLOGY, CALI, BS, RDEP, RSHA, RMED, RXO, SP, DTC, NPHI, PEF, GR, RHOB, DRHO, SGR, DEPTH_MD, X_LOC, Y_LOC, Z_LOC"
34_8-3,34_8-3.las,19230,411.37643433,3334.1844343,0.15200000000004366,0.15199999999843986,20,"DEPT, FORCE_2020_LITHOFACIES_CONFIDENCE, FORCE_2020_LITHOFACIES_LITHOLOGY, CALI, RDEP, RSHA, RMED, RXO, RMIC, SP, DTC, NPHI, GR, RHOB, DRHO, SGR, DEPTH_MD, X_LOC, Y_LOC, Z_LOC"
34_8-7 R,34_8-7 R.las,35896,23.0,5479.04,0.15200000000004366,0.152,18,"DEPT, FORCE_2020_LITHOFACIES_CONFIDENCE, FORCE_2020_LITHOFACIES_LITHOLOGY, CALI, BS, RDEP, RSHA, RMED, SP, DTC, NPHI, GR, RHOB, DRHO, DEPTH_MD, X_LOC, Y_LOC, Z_LOC"
35_11-1,35_11-1.las,19692,373.4571228,3366.4891228,0.15200000000004366,0.152,19,"DEPT, FORCE_2020_LITHOFACIES_CONFIDENCE, FORCE_2020_LITHOFACIES_LITHOLOGY, CALI, RDEP, RSHA, RMED, RXO, SP, DTC, NPHI, PEF, GR, RHOB, DRHO, DEPTH_MD, X_LOC, Y_LOC, Z_LOC"
35_11-10,35_11-10.las,16967,371.99987793,2950.8318779,0.15200000000004366,0.15199999999823174,21,"DEPT, FORCE_2020_LITHOFACIES_CONFIDENCE, FORCE_2020_LITHOFACIES_LITHOLOGY, CALI, BS, RDEP, RSHA, RMED, RXO, RMIC, SP, DTS, DTC, NPHI, GR, RHOB, DRHO, DEPTH_MD, X_LOC, Y_LOC, Z_LOC"
35_11-11,35_11-11.las,18710,382.1156,3225.8836,0.15200000000004366,0.152,22,"DEPT, FORCE_2020_LITHOFACIES_CONFIDENCE, FORCE_2020_LITHOFACIES_LITHOLOGY, CALI, BS, ROPA, ROP, RDEP, RMED, RMIC, SP, DTS, DTC, NPHI, PEF, GR, RHOB, DRHO, DEPTH_MD, X_LOC, Y_LOC, Z_LOC"
35_11-12,35_11-12.las,19875,359.97,3380.818,0.15200000000004366,0.152,19,"DEPT, FORCE_2020_LITHOFACIES_CONFIDENCE, FORCE_2020_LITHOFACIES_LITHOLOGY, CALI, BS, ROP, RDEP, RMED, DTS, DTC, NPHI, PEF, GR, RHOB, DRHO, DEPTH_MD, X_LOC, Y_LOC, Z_LOC"
35_11-13,35_11-13.las,19119,386.078,3292.014,0.15200000000004366,0.152,21,"DEPT, FORCE_2020_LITHOFACIES_CONFIDENCE, FORCE_2020_LITHOFACIES_LITHOLOGY, CALI, BS, ROPA, ROP, RDEP, RMED, RMIC, DTS, DTC, NPHI, PEF, GR, RHOB, DRHO, DEPTH_MD, X_LOC, Y_LOC, Z_LOC"
35_11-15 S,35_11-15 S.las,18832,390.0404,3252.3524,0.15200000000004366,0.15200000000000002,23,"DEPT, FORCE_2020_LITHOFACIES_CONFIDENCE, FORCE_2020_LITHOFACIES_LITHOLOGY, CALI, BS, ROPA, ROP, RDEP, RMED, RXO, RMIC, DTS, DTC, NPHI, PEF, GR, RHOB, DRHO, SGR, DEPTH_MD, X_LOC, Y_LOC, Z_LOC"
35_11-5,35_11-5.las,21963,443.22799683,3781.4519968,0.15200000000004366,0.151999999998634,19,"DEPT, FORCE_2020_LITHOFACIES_CONFIDENCE, FORCE_2020_LITHOFACIES_LITHOLOGY, CALI, RDEP, RSHA, RMED, SP, DTS, DTC, NPHI, PEF, GR, RHOB, DRHO, DEPTH_MD, X_LOC, Y_LOC, Z_LOC"
35_11-6,35_11-6.las,23734,389.9916,3997.4076,0.15200000000004366,0.152,19,"DEPT, FORCE_2020_LITHOFACIES_CONFIDENCE, FORCE_2020_LITHOFACIES_LITHOLOGY, CALI, RDEP, RSHA, RMED, SP, DTS, DTC, NPHI, PEF, GR, RHOB, DRHO, DEPTH_MD, X_LOC, Y_LOC, Z_LOC"
35_11-7,35_11-7.las,16547,385.75,2900.742,0.15200000000004366,0.15200000000000002,19,"DEPT, FORCE_2020_LITHOFACIES_CONFIDENCE, FORCE_2020_LITHOFACIES_LITHOLOGY, CALI, BS, RDEP, RSHA, RMED, SP, DTC, NPHI, PEF, GR, RHOB, DRHO, DEPTH_MD, X_LOC, Y_LOC, Z_LOC"
35_12-1,35_12-1.las,16777,477.82281494,3027.7748149,0.15200000000004366,0.15199999999761563,21,"DEPT, FORCE_2020_LITHOFACIES_CONFIDENCE, FORCE_2020_LITHOFACIES_LITHOLOGY, CALI, BS, RDEP, RSHA, RMED, RXO, RMIC, SP, DTC, NPHI, PEF, GR, RHOB, DRHO, DEPTH_MD, X_LOC, Y_LOC, Z_LOC"
35_3-7 S,35_3-7 S.las,24803,282.09185136,4051.9958514,0.15200000000004366,0.15200000000161276,21,"DEPT, FORCE_2020_LITHOFACIES_CONFIDENCE, FORCE_2020_LITHOFACIES_LITHOLOGY, CALI, BS, ROPA, ROP, RDEP, RMED, RMIC, DTS, DTC, NPHI, PEF, GR, RHOB, DRHO, DEPTH_MD, X_LOC, Y_LOC, Z_LOC"
35_4-1,35_4-1.las,29967,403.604,4958.436,0.15200000000004366,0.15199999999999997,19,"DEPT, FORCE_2020_LITHOFACIES_CONFIDENCE, FORCE_2020_LITHOFACIES_LITHOLOGY, CALI, BS, ROP, RDEP, RMED, DTS, DTC, NPHI, PEF, GR, RHOB, DRHO, DEPTH_MD, X_LOC, Y_LOC, Z_LOC"
35_6-2 S,35_6-2 S.las,21948,365.96046696,3701.904467,0.15200000000004366,0.15200000000182257,20,"DEPT, FORCE_2020_LITHOFACIES_CONFIDENCE, FORCE_2020_LITHOFACIES_LITHOLOGY, CALI, BS, ROPA, ROP, RDEP, RMED, DTS, DTC, NPHI, PEF, GR, RHOB, DRHO, DEPTH_MD, X_LOC, Y_LOC, Z_LOC"
35_8-4,35_8-4.las,21927,390.04040527,3722.7924053,0.15200000000004366,0.15200000000136824,20,"DEPT, FORCE_2020_LITHOFACIES_CONFIDENCE, FORCE_2020_LITHOFACIES_LITHOLOGY, CALI, BS, ROPA, RDEP, RSHA, RMED, RMIC, DTC, NPHI, PEF, GR, RHOB, DRHO, DEPTH_MD, X_LOC, Y_LOC, Z_LOC"
35_8-6 S,35_8-6 S.las,23901,411.0228,4043.8228,0.15200000000004366,0.152,20,"DEPT, FORCE_2020_LITHOFACIES_CONFIDENCE, FORCE_2020_LITHOFACIES_LITHOLOGY, CALI, BS, ROPA, ROP, RDEP, RMED, DTS, DTC, NPHI, PEF, GR, RHOB, DRHO, DEPTH_MD, X_LOC, Y_LOC, Z_LOC"
35_9-10 S,35_9-10 S.las,21271,388.9736,3622.0136,0.15200000000004366,0.152,19,"DEPT, FORCE_2020_LITHOFACIES_CONFIDENCE, FORCE_2020_LITHOFACIES_LITHOLOGY, CALI, BS, ROP, RDEP, RMED, DTS, DTC, NPHI, PEF, GR, RHOB, DRHO, DEPTH_MD, X_LOC, Y_LOC, Z_LOC"
35_9-2,35_9-2.las,16599,368.96035767,2891.8563577,0.15200000000004366,0.15200000000180744,23,"DEPT, FORCE_2020_LITHOFACIES_CONFIDENCE, FORCE_2020_LITHOFACIES_LITHOLOGY, CALI, BS, DCAL, RDEP, RSHA, RMED, RXO, RMIC, SP, DTS, DTC, NPHI, GR, RHOB, DRHO, SGR, DEPTH_MD, X_LOC, Y_LOC, Z_LOC"
35_9-5,35_9-5.las,21206,307.69558716,3530.8555872,0.15200000000004366,0.15200000000188638,21,"DEPT, FORCE_2020_LITHOFACIES_CONFIDENCE, FORCE_2020_LITHOFACIES_LITHOLOGY, CALI, BS, ROPA, ROP, RDEP, RMED, RMIC, DTS, DTC, NPHI, PEF, GR, RHOB, DRHO, DEPTH_MD, X_LOC, Y_LOC, Z_LOC"
35_9-6 S,35_9-6 S.las,22105,395.0,3754.808,0.15200000000004366,0.152,18,"DEPT, FORCE_2020_LITHOFACIES_CONFIDENCE, FORCE_2020_LITHOFACIES_LITHOLOGY, CALI, ROPA, RDEP, RMED, RMIC, DTC, NPHI, PEF, GR, RHOB, DRHO, DEPTH_MD, X_LOC, Y_LOC, Z_LOC"
35_9-7,35_9-7.las,17166,397.0508,3006.1308,0.15200000000004366,0.152,21,"DEPT, FORCE_2020_LITHOFACIES_CONFIDENCE, FORCE_2020_LITHOFACIES_LITHOLOGY, CALI, BS, ROPA, ROP, RDEP, RMED, RMIC, DTS, DTC, NPHI, PEF, GR, RHOB, DRHO, DEPTH_MD, X_LOC, Y_LOC, Z_LOC"
35_9-8,35_9-8.las,18842,392.0216,3255.8536,0.15200000000004366,0.152,21,"DEPT, FORCE_2020_LITHOFACIES_CONFIDENCE, FORCE_2020_LITHOFACIES_LITHOLOGY, CALI, BS, ROPA, ROP, RDEP, RMED, RMIC, DTS, DTC, NPHI, PEF, GR, RHOB, DRHO, DEPTH_MD, X_LOC, Y_LOC, Z_LOC"
36_7-3,36_7-3.las,16950,373.0,2949.248,0.15200000000004366,0.152,17,"DEPT, FORCE_2020_LITHOFACIES_CONFIDENCE, FORCE_2020_LITHOFACIES_LITHOLOGY, CALI, ROPA, RDEP, RMED, DTC, NPHI, PEF, GR, RHOB, DRHO, DEPTH_MD, X_LOC, Y_LOC, Z_LOC"
7_1-1,7_1-1.las,17982,82.600799561,2815.7127996,0.15200000000004366,0.15200000000216896,21,"DEPT, FORCE_2020_LITHOFACIES_CONFIDENCE, FORCE_2020_LITHOFACIES_LITHOLOGY, CALI, BS, DCAL, MUDWEIGHT, ROP, RDEP, RSHA, RMED, SP, DTC, NPHI, GR, RHOB, DRHO, DEPTH_MD, X_LOC, Y_LOC, Z_LOC"
7_1-2 S,7_1-2 S.las,19586,198.0164,3174.9364,0.15200000000004366,0.152,21,"DEPT, FORCE_2020_LITHOFACIES_CONFIDENCE, FORCE_2020_LITHOFACIES_LITHOLOGY, CALI, BS, ROPA, ROP, RDEP, RSHA, RMED, DTS, DTC, NPHI, PEF, GR, RHOB, DRHO, DEPTH_MD, X_LOC, Y_LOC, Z_LOC"
